<?xml version="1.0" encoding="UTF-8"?>
<beans xmlns="http://www.springframework.org/schema/beans"
    xmlns:xsi="http://www.w3.org/2001/XMLSchema-instance"
    xmlns:mvc="http://www.springframework.org/schema/mvc"
    xmlns:context="http://www.springframework.org/schema/context"
    xsi:schemaLocation="http://www.springframework.org/schema/beans
    http://www.springframework.org/schema/beans/spring-beans.xsd
    http://www.springframework.org/schema/mvc
    http://www.springframework.org/schema/mvc/spring-mvc.xsd
    http://www.springframework.org/schema/context
    http://www.springframework.org/schema/context/spring-context.xsd">
    
   <!-- 告诉springmvc org.aaa.web.controller包下的对象为处理器对象 --> 
   <context:component-scan base-package="org.aaa.web.controller"></context:component-scan>
    
  <!-- 启用springmvc注解 并添加alibaba fast消息转换器， 当使用@ResponseBody注解时，fastjson.jar自动将结果转化为为json类型的数据 -->
    <mvc:annotation-driven >
    	<mvc:message-converters >
    		<bean class="com.alibaba.fastjson.support.spring.FastJsonHttpMessageConverter">
				<property name="supportedMediaTypes">
					<list>
						<value>text/html;charset=utf-8</value>
						<value>application/json;charset=utf-8</value>
					</list>
				</property>
				<property name="features">
					<array>
						<value>WriteDateUseDateFormat</value>
					</array>
				</property>
			</bean>
    	</mvc:message-converters>
    </mvc:annotation-driven>
    
   <!--  <mvc:interceptors>
		<mvc:interceptor>
			/**的意思是所有文件夹及里面的子文件夹 /*是所有文件夹，不含子文件夹 /是web项目的根目录
			<mvc:mapping path="/**"/>
			需排除拦截的地址
			<mvc:exclude-mapping path="/login.html"/>
			<mvc:exclude-mapping path="/doLogin"/>
			<bean class="org.aaa.web.interceptor.LoginInterceptor"/>
			这个类就是我们自定义的Interceptor
		</mvc:interceptor>
		当设置多个拦截器时，先按顺序调用preHandle方法，然后逆序调用每个拦截器的postHandle和afterCompletion方法
	</mvc:interceptors> -->
    
    
    
   
   	<!-- 视图解析器 -->
    <bean class="org.springframework.web.servlet.view.InternalResourceViewResolver">
    	<property name="prefix" value="/WEB-INF/jsps/"></property>
    	<property name="suffix" value=".jsp"></property>
    </bean>
    
    
     <!-- 静态文件映射 
     	访问静态文件时，不需要添加相应的控制器
     	 
     -->
   <!--<mvc:resources location="/statics/" mapping="/statics/**"></mvc:resources>
   <mvc:resources location="/layuiadmin/" mapping="/layuiadmin/**"></mvc:resources>
    <mvc:default-servlet-handler/>
     文件上传解析器 -->
    <bean id="multipartResolver" class="org.springframework.web.multipart.commons.CommonsMultipartResolver">
    	<!-- 单位为byte ，5M  5*1024*1024 -->
    	<property name="maxUploadSize" value="5242880"></property>
    	<!-- 设定默认编码 -->
    	<property name="defaultEncoding" value="UTF-8"></property>
    </bean>
    
    
    <!-- springmvc提供的简单异常处理器 -->
	 <!--<bean class="org.springframework.web.servlet.handler.SimpleMappingExceptionResolver">
	     定义默认的异常处理页面 -->
	   <!--  <property name="defaultErrorView" value="error"/>
	    定义异常处理页面用来获取异常信息的变量名，也可不定义，默认名为exception
	   		 <property name="exceptionAttribute" value="ex"/>
	</bean> --> 
    
    
    
    
</beans>