<?xml version="1.0" encoding="UTF-8"?>
<!DOCTYPE mapper
    PUBLIC "-//mybatis.org//DTD Mapper 3.0//EN"
    "http://mybatis.org/dtd/mybatis-3-mapper.dtd">
 <mapper namespace="org.aaa.web.dao.CallableMapper">
 	 	<resultMap type="Test" id="TestResult">
 	 	  <id column="id" property="id"/>
 	 	  <result column="word" property="word"/>
 	 	  
 	 	</resultMap>
 	 	
 	 	
 	 	 <select id="getId" resultMap="TestResult">
 	 	    select id from tb_test 
 	 	 </select>
 	 	 
 	 	  <select id="getWord" resultMap="TestResult">
 	 	    select word from tb_test 
 	 	 </select>
 	 	 
 	 	
 </mapper>
    